<?xml version="1.0" encoding="UTF-8" ?>
<extension type="package" method="upgrade">
	<name>Your Payments Package</name>
	<author>ООО НКО «Твои Платежи»</author>
	<creationDate>June 2025</creationDate>
	<packagename>ypmn</packagename>
	<version>1.0.0</version>
	<url>https://ypmn.ru/</url>
	<authorEmail>info@ypmn.ru</authorEmail>
	<authorUrl>https://ypmn.ru/</authorUrl>
	<packager>ООО НКО «Твои Платежи»</packager>
	<packagerurl>https://ypmn.ru/</packagerurl>
	<description><![CDATA[Твои Платежи]]></description>
	<scriptfile>install.php</scriptfile>
	<license>http://www.gnu.org/copyleft/gpl.html GNU/GPL</license>
	<files folder="packages">
		<file type="component" id="com_ypmn" >com_ypmn.zip</file>
		<file type="plugin" id="jshopping_ypmn" group="jshoppingorder">jshopping_ypmn.zip</file>
		<file type="plugin" id="ypmn" group="vmpayment">vmpayment_ypmn.zip</file>
	</files>
	<updateservers>
		<server type="extension" priority="1" name="Extension Update Site">https://ypmn.ru/joomla.xml</server>
	</updateservers>
</extension>

